{
  "zhsik": -44,
  "xpvkg": 88,
  "jqsbg": -76,
  "ghheo": 88,
  "emdck": false,
  "lblyw": -24,
  "sybrp": 89,
  "ekoda": 0.1954977095483058,
  "oorlm": 0.28403452804439944,
  "tqbnf": -15,
  "lqhsf": -5,
  "rqmrw": 0.4983425353322203,
  "wpxgo": -69,
  "xettd": true
}