{
  "eghyo": 0.9161983642429523,
  "zhnpb": 8,
  "jvyyu": -24,
  "vaxvc": false,
  "lltpk": false,
  "zwdug": -5,
  "xwjyq": 0.046133027365765966,
  "iircf": -64
}